AnimalID;Name;Day;Month;Year;Hour;Minute;Second;OutcomeType;OutcomeSubtype;AnimalType;SexuponOutcome;AgeuponOutcome;Breed;Color;Color2;
A702655;Mica;11;8;2015;0;0;0;Transfer;Partner;Cat;Neutered Male;4 months;Domestic Shorthair Mix;Black;White;
A713392;Basil;5;11;2015;0;0;0;Transfer;Partner;Dog;Intact Male;3 months;Chihuahua Shorthair Mix;Black;White;
A710071;Herb;1;9;2015;0;0;0;Transfer;Partner;Cat;Neutered Male;2 months;Domestic Shorthair Mix;White;Black;
A716575;Scarlet;22;12;2015;0;0;0;Transfer;Partner;Dog;Spayed Female;2 years;Australian Cattle Dog Mix;Tan;White;
A683666;;1;9;2015;0;0;0;Transfer;Partner;Cat;Neutered Male;1 year;Domestic Shorthair Mix;White;Cream Tabby;
A709067;Earlene;5;8;2015;0;0;0;Return_to_owner;;Dog;Intact Female;5 months;Boxer Mix;Black;White;
A720190;Little Missy;7;2;2016;0;0;0;Transfer;Partner;Dog;Spayed Female;7 years;Airedale Terrier Mix;Tricolor;;
A714820;Lizzie;5;11;2015;0;0;0;Transfer;Partner;Dog;Spayed Female;6 months;Plott Hound Mix;Brown Brindle;;
A716488;;23;11;2015;0;0;0;Transfer;Partner;Dog;Neutered Male;2 years;Pit Bull Mix;Red;;
A716400;Calliope;24;11;2015;0;0;0;Transfer;Partner;Dog;Intact Female;1 year;Yorkshire Terrier Mix;Black;Tan;
A684050;;28;7;2014;9;0;0;Transfer;SCRP;Cat;Intact Female;1 year;Domestic Shorthair Mix;Tortie;;
A705258;;16;6;2015;9;0;0;Transfer;SCRP;Cat;Unknown;2 months;Domestic Shorthair Mix;Brown Tabby;White;
A713690;;12;10;2015;9;0;0;Transfer;SCRP;Cat;Intact Male;2 years;Domestic Shorthair Mix;Blue Tabby;;
A690658;;24;10;2014;9;0;0;Transfer;SCRP;Cat;Intact Male;3 years;Domestic Shorthair Mix;Black;White;
A686520;;24;8;2014;9;0;0;Transfer;SCRP;Cat;Intact Male;3 months;Domestic Shorthair Mix;Brown Tabby;;
A681481;;18;6;2014;9;0;0;Transfer;SCRP;Cat;Intact Female;2 years;Domestic Shorthair Mix;Blue;White;
A714177;;20;10;2015;9;0;0;Transfer;SCRP;Cat;Unknown;3 months;Domestic Shorthair Mix;Tortie;;
A688067;;15;9;2014;9;0;0;Transfer;SCRP;Cat;Intact Female;5 months;Domestic Shorthair Mix;Torbie;;
A690519;;23;10;2014;9;0;0;Transfer;SCRP;Cat;Intact Male;4 months;Domestic Shorthair Mix;Blue Tabby;;
A698940;;21;3;2015;9;0;0;Transfer;SCRP;Cat;Intact Male;2 years;Domestic Shorthair Mix;Brown Tabby;White;
A684709;;28;7;2014;9;0;0;Transfer;SCRP;Cat;Intact Female;1 year;Domestic Shorthair Mix;Brown Tabby;White;
A713337;;6;10;2015;9;0;0;Transfer;SCRP;Cat;Intact Female;3 years;Domestic Shorthair Mix;Blue;;
A715761;;10;11;2015;9;0;0;Transfer;SCRP;Cat;Spayed Female;5 years;Domestic Shorthair Mix;Calico;;
A693594;;12;12;2014;9;0;0;Transfer;SCRP;Cat;Intact Male;6 months;Domestic Shorthair Mix;Black;White;
A681414;;18;6;2014;9;0;0;Transfer;SCRP;Cat;Intact Female;2 years;Domestic Shorthair Mix;Tortie;;
A695428;;16;1;2015;9;0;0;Transfer;SCRP;Cat;Intact Female;1 year;Domestic Shorthair Mix;Black;White;
A690333;;20;10;2014;9;0;0;Transfer;SCRP;Cat;Unknown;8 months;Domestic Shorthair Mix;Black;;
A709224;;7;8;2015;9;0;0;Transfer;SCRP;Cat;Intact Female;1 year;Domestic Shorthair Mix;Calico;;
A688584;Preston;25;11;2015;15;0;0;Return_to_owner;;Dog;Neutered Male;1 year;Great Pyrenees Mix;White;Cream;
A688544;Emma;24;9;2014;15;0;0;Transfer;Partner;Cat;Intact Female;1 month;Domestic Shorthair Mix;Brown Tabby;White;
A667520;;23;11;2013;16;0;0;Transfer;Partner;Dog;Neutered Male;4 years;Shih Tzu/Miniature Poodle;Apricot;White;
A676146;Desmo;14;4;2014;17;0;0;Return_to_owner;;Dog;Neutered Male;5 years;Dachshund Mix;Black;;
A677594;;26;4;2014;18;0;0;Transfer;Partner;Dog;Intact Female;3 months;Labrador Retriever Mix;Black;White;
A711562;Bino;8;9;2015;18;0;0;Euthanasia;Suffering;Dog;Intact Male;1 year;Dachshund/Chihuahua Shorthair;Black;;
A714972;Dennis;29;11;2015;19;0;0;Adoption;;Cat;Neutered Male;2 months;Domestic Shorthair Mix;Blue Tabby;;
A667942;Shadow;1;12;2013;19;0;0;Adoption;;Dog;Spayed Female;8 months;Labrador Retriever Mix;Black;;
A703630;Sheldon;30;6;2015;7;1;0;Adoption;Foster;Dog;Neutered Male;4 years;German Shepherd Mix;Brown;;
A686319;Jack;14;6;2015;12;1;0;Adoption;;Dog;Neutered Male;5 years;Plott Hound/Rhod Ridgeback;Brown Brindle;;
A715348;Cymbale;21;11;2015;13;1;0;Adoption;;Cat;Spayed Female;2 months;Domestic Shorthair Mix;Cream Tabby;White;
A699723;Delgado;11;4;2015;16;1;0;Transfer;Partner;Dog;Neutered Male;3 years;Chihuahua Shorthair Mix;Brown;;
A682532;;3;7;2014;17;1;0;Adoption;;Cat;Spayed Female;2 months;Domestic Shorthair Mix;Torbie;;
A663555;Amelia;16;10;2013;17;1;0;Adoption;;Cat;Spayed Female;3 months;Domestic Shorthair Mix;Calico;;
A686377;;25;8;2014;17;1;0;Adoption;;Dog;Neutered Male;2 months;Dachshund Wirehair Mix;Brown;Black;
A699816;Pebbles;11;4;2015;18;1;0;Adoption;;Dog;Spayed Female;10 years;Chihuahua Shorthair Mix;Tan;;
A715812;;15;11;2015;18;1;0;Adoption;;Dog;Spayed Female;10 months;Chihuahua Shorthair Mix;Tan;White;
A719517;;26;1;2016;19;1;0;Transfer;SCRP;Cat;Neutered Male;2 years;Domestic Shorthair Mix;Brown Tabby;;
A668362;Minnie;20;12;2013;12;2;0;Return_to_owner;;Dog;Spayed Female;2 years;Chihuahua Shorthair Mix;Black;Tan;
A712979;;4;10;2015;15;2;0;Transfer;Partner;Cat;Intact Male;1 weeks;Domestic Shorthair Mix;Black;;
A676209;Boomer;24;7;2014;15;2;0;Adoption;Foster;Dog;Neutered Male;3 months;Labrador Retriever Mix;Yellow;;
A703244;;26;5;2015;16;2;0;Transfer;Partner;Cat;Intact Male;2 months;Domestic Shorthair Mix;Brown Tabby;White;
A677157;Sadie;22;4;2014;16;2;0;Return_to_owner;;Dog;Intact Female;12 years;Labrador Retriever Mix;Yellow;;
A701489;;30;4;2015;17;2;0;Transfer;Partner;Cat;Unknown;3 weeks;Domestic Shorthair Mix;Brown Tabby;;
A715346;Molina;9;11;2015;17;2;0;Adoption;;Dog;Spayed Female;10 months;Anatol Shepherd/Great Pyrenees;White;;
A707781;Pearl;15;1;2016;14;3;0;Adoption;;Dog;Spayed Female;1 year;Chihuahua Shorthair/Jack Russell Terrier;Black;White;
A670658;Anders;19;1;2014;15;3;0;Transfer;Partner;Dog;Intact Male;2 months;Queensland Heeler Mix;Black;White;
A669534;;24;12;2013;15;3;0;Transfer;SCRP;Cat;Intact Female;1 year;Domestic Shorthair Mix;Orange Tabby;;
A674530;Jackson;11;9;2014;17;3;0;Adoption;;Dog;Neutered Male;5 years;Pit Bull;Black;;
A658728;Tori;9;11;2013;17;3;0;Adoption;;Cat;Spayed Female;4 months;Domestic Medium Hair Mix;Tortie;White;
A702756;;17;5;2015;19;3;0;Euthanasia;Suffering;Cat;Intact Male;3 weeks;Domestic Shorthair Mix;White;Brown Tabby;
A701029;Bode;1;5;2015;11;4;0;Return_to_owner;;Dog;Neutered Male;2 years;Chesa Bay Retr;Brown;;
A677334;Elsa;25;4;2014;13;4;0;Transfer;Partner;Dog;Intact Female;1 month;Cairn Terrier/Chihuahua Shorthair;Black;Tan;
A650694;Riku;18;12;2013;14;4;0;Return_to_owner;;Dog;Neutered Male;1 year;Blue Lacy/Pit Bull;Blue;White;
A668388;Lucy;9;12;2013;15;4;0;Transfer;Partner;Cat;Intact Female;2 months;Domestic Shorthair Mix;Brown Tabby;;
A707531;;14;7;2015;15;4;0;Transfer;Partner;Cat;Intact Male;2 weeks;Domestic Shorthair Mix;Black;;
A671889;Jezebel;27;2;2014;16;4;0;Return_to_owner;;Dog;Spayed Female;5 years;Chihuahua Shorthair Mix;Tan;;
A674448;Hedwig;18;3;2014;17;4;0;Adoption;;Dog;Neutered Male;10 months;Siberian Husky Mix;White;Cream;
A680336;Buddy;12;7;2014;20;4;0;Adoption;Foster;Cat;Neutered Male;2 months;Domestic Shorthair Mix;Orange Tabby;White;
A719113;Dexter;28;1;2016;12;5;0;Transfer;Partner;Dog;Neutered Male;5 years;Boxer Mix;Brown Brindle;White;
A597644;Lola;16;9;2014;14;5;0;Return_to_owner;;Dog;Spayed Female;4 years;Black Mouth Cur Mix;Tan;Black;
A677885;Lil' Mama;12;5;2014;14;5;0;Return_to_owner;;Dog;Intact Female;2 years;Pit Bull Mix;Fawn;;
A689596;;10;10;2014;14;5;0;Adoption;;Dog;Neutered Male;2 years;Jack Russell Terrier Mix;White;Tan;
A665661;Julia;7;9;2015;15;5;0;Return_to_owner;;Cat;Spayed Female;2 years;Domestic Shorthair Mix;White;Black;
A690902;Beth;18;11;2014;16;5;0;Adoption;;Cat;Spayed Female;2 months;Domestic Shorthair Mix;Orange Tabby;White;
A717167;Oscar;23;1;2016;16;5;0;Adoption;Foster;Cat;Neutered Male;4 years;Domestic Shorthair Mix;Black;White;
A717429;Cairo;9;12;2015;17;5;0;Return_to_owner;;Dog;Neutered Male;2 years;Pit Bull Mix;Brown Brindle;White;
A672263;Daisy;13;2;2014;17;5;0;Transfer;Partner;Dog;Spayed Female;2 years;Chihuahua Shorthair/Rat Terrier;White;Tan;
A689629;;11;10;2014;17;5;0;Adoption;;Cat;Intact Female;1 month;Domestic Shorthair Mix;Torbie;;
A706387;Sugar;6;7;2015;18;5;0;Adoption;;Cat;Spayed Female;1 month;Domestic Shorthair Mix;Blue Tabby;White;
A678958;Ares;19;5;2014;18;5;0;Adoption;;Dog;Neutered Male;2 months;Boxer Mix;Tricolor;;
A715261;Darcy;15;11;2015;14;6;0;Adoption;;Dog;Spayed Female;9 years;Beagle/Treeing Walker Coonhound;White;Brown;
A716839;Dino;27;11;2015;14;6;0;Return_to_owner;;Dog;Intact Male;2 years;Australian Shepherd Mix;Brown Merle;White;
A671251;Buffy;23;1;2014;14;6;0;Return_to_owner;;Dog;Spayed Female;2 years;Pit Bull Mix;Fawn;White;
A695654;Asha;27;1;2015;14;6;0;Euthanasia;Suffering;Dog;Intact Female;8 months;Labrador Retriever Mix;Black;;
A717706;Hilde;13;12;2015;14;6;0;Return_to_owner;;Dog;Spayed Female;1 year;Labrador Retriever Mix;Red;;
A660046;Grace;9;3;2014;17;6;0;Return_to_owner;;Dog;Spayed Female;2 years;American Staffordshire Terrier Mix;Blue;White;
A699990;Chubbs;8;4;2015;18;6;0;Return_to_owner;;Dog;Neutered Male;4 years;Cairn Terrier Mix;Tan;White;
A683309;;17;7;2014;18;6;0;Euthanasia;Behavior;Dog;Spayed Female;7 years;Pit Bull Mix;Tan;White;
A701627;Gabe;14;5;2015;12;7;0;Adoption;;Dog;Neutered Male;2 years;Blue Lacy Mix;Gray;White;
A713029;Wilma;6;10;2015;15;7;0;Transfer;Partner;Cat;Intact Female;1 month;Domestic Shorthair Mix;Black;;
A704179;Zeus;7;6;2015;16;7;0;Adoption;;Dog;Neutered Male;2 months;Chow Chow/Pit Bull;Black;;
A691636;Dali;13;11;2014;16;7;0;Adoption;;Dog;Neutered Male;5 months;Dachshund/Jack Russell Terrier;White;Brown;
A667537;;25;11;2013;17;7;0;Adoption;;Dog;Spayed Female;2 months;Australian Cattle Dog Mix;Red Merle;Black;
A678506;Prec Punkin';9;5;2014;18;7;0;Euthanasia;Suffering;Dog;Spayed Female;11 years;Yorkshire Terrier Mix;Brown;Black;
A711807;Lola;23;10;2015;18;7;0;Adoption;;Dog;Spayed Female;2 years;Chinese Sharpei/Australian Cattle Dog;Red Tick;White;
A705804;Chico;23;6;2015;11;8;0;Return_to_owner;;Dog;Neutered Male;3 years;Chihuahua Shorthair Mix;Brown;;
A716760;Dasher;6;12;2015;17;8;0;Adoption;;Dog;Neutered Male;6 months;Border Collie Mix;Black;White;
A716197;Ellie;3;1;2016;17;8;0;Return_to_owner;;Cat;Spayed Female;2 months;Domestic Shorthair Mix;Torbie;;
A679631;Callie;14;7;2014;18;8;0;Euthanasia;Suffering;Cat;Spayed Female;12 years;Domestic Longhair Mix;Tortie;;
A625690;Rainey;21;7;2014;11;9;0;Return_to_owner;;Dog;Spayed Female;7 years;Rat Terrier Mix;White;Black;
A701793;;16;7;2015;11;9;0;Adoption;Foster;Cat;Spayed Female;3 months;Siamese Mix;Lynx Point;White;
A611032;Trousers;5;8;2014;16;9;0;Return_to_owner;;Dog;Intact Male;6 years;Basset Hound;Tricolor;;
A675021;;21;3;2014;17;9;0;Euthanasia;Suffering;Cat;Intact Female;1 year;Domestic Shorthair Mix;Calico;;
A672744;Oso;17;4;2014;17;9;0;Euthanasia;Aggressive;Dog;Intact Male;3 years;Rottweiler Mix;Black;Tan;
A680506;Shaka;7;6;2014;17;9;0;Adoption;;Dog;Neutered Male;3 months;Chihuahua Shorthair Mix;Buff;White;
A688720;;26;9;2014;18;9;0;Adoption;;Dog;Spayed Female;1 year;Dachshund Mix;Tan;;
A671079;;25;1;2014;18;9;0;Adoption;;Dog;Spayed Female;2 years;Chihuahua Shorthair Mix;Tan;;
A683430;;11;7;2014;19;9;0;Transfer;Partner;Cat;Intact Male;3 weeks;Domestic Shorthair Mix;Blue Cream;;
A678825;Oliver;12;7;2014;12;10;0;Adoption;Foster;Cat;Neutered Male;3 months;Domestic Shorthair Mix;Orange Tabby;White;
A700740;Charlie;17;12;2015;12;10;0;Adoption;Foster;Dog;Neutered Male;1 year;Chihuahua Shorthair;White;;
A712376;;22;9;2015;12;10;0;Euthanasia;Suffering;Cat;Unknown;2 weeks;Domestic Shorthair Mix;Blue Tabby;;
A697921;Pi;16;3;2015;12;10;0;Adoption;;Dog;Spayed Female;1 year;Flat Coat Retriever Mix;Black;;
A668260;;2;12;2013;14;10;0;Transfer;Partner;Dog;Spayed Female;5 years;Great Dane;Black;White;
A685145;Mundy;13;9;2014;14;10;0;Adoption;Foster;Cat;Neutered Male;2 months;Domestic Medium Hair Mix;Blue;White;
A674659;;21;3;2014;17;10;0;Euthanasia;Aggressive;Dog;Intact Male;2 years;Labrador Retriever/Great Dane;Tan;Black;
A681679;Captain;5;12;2014;17;10;0;Transfer;Partner;Dog;Neutered Male;1 year;Pit Bull Mix;Brown;White;
A714481;Bobby;8;11;2015;19;10;0;Adoption;;Dog;Neutered Male;1 year;Boxer Mix;Brown;White;
A699218;Jimmy;28;3;2015;13;11;0;Transfer;Partner;Cat;Intact Male;3 weeks;Domestic Shorthair Mix;Blue Tabby;;
A687966;;17;9;2014;14;11;0;Adoption;;Cat;Neutered Male;4 months;Domestic Shorthair Mix;Brown Tabby;White;
A688443;Thelma;29;12;2014;15;11;0;Adoption;Foster;Cat;Spayed Female;4 months;Domestic Shorthair Mix;Black;;
A676494;Jimmy;27;4;2014;15;11;0;Adoption;;Dog;Neutered Male;1 year;Labrador Retriever/Border Collie;Black;White;
A716964;Rello;29;11;2015;18;11;0;Return_to_owner;;Dog;Intact Male;2 years;Chihuahua Shorthair Mix;Black;White;
A668396;;3;12;2013;18;11;0;Euthanasia;Medical;Cat;Neutered Male;8 years;Siamese Mix;Lynx Point;;
A714494;Amarillo;1;11;2015;19;11;0;Adoption;;Dog;Neutered Male;6 months;Labrador Retriever Mix;Yellow;;
A667129;Marcia;8;12;2013;19;11;0;Adoption;;Cat;Spayed Female;6 months;Domestic Shorthair Mix;Black;White;
A710881;Ruth;14;10;2015;10;12;0;Adoption;Foster;Cat;Spayed Female;2 months;Domestic Shorthair Mix;Orange Tabby;;
A711494;Celeste;24;12;2015;10;12;0;Adoption;Foster;Cat;Spayed Female;4 months;Domestic Shorthair Mix;Orange Tabby;White;
A669795;Roxi;11;8;2014;11;12;0;Return_to_owner;;Dog;Spayed Female;2 years;Rottweiler Mix;Black;Tan;
A717008;Taz;6;12;2015;15;12;0;Transfer;Partner;Dog;Neutered Male;7 months;Border Collie Mix;Black;White;
A677577;Roxie;1;5;2014;16;12;0;Adoption;;Dog;Spayed Female;10 months;Queensland Heeler/Shetland Sheepdog;Red Tick;Black;
A686406;;25;8;2014;17;12;0;Adoption;;Dog;Neutered Male;1 year;Border Terrier/Chihuahua Shorthair;Tan;Black;
A676056;Swisha;10;4;2014;10;13;0;Return_to_owner;;Dog;Neutered Male;2 years;American Pit Bull Terrier Mix;Tan;White;
A670949;Cassie;1;2;2014;11;13;0;Return_to_owner;;Dog;Spayed Female;8 months;Doberman Pinsch Mix;Tricolor;;
A697627;Lucy;1;3;2015;16;13;0;Adoption;;Dog;Spayed Female;2 years;Pointer/Labrador Retriever;Chocolate;White;
A717176;;3;12;2015;16;13;0;Transfer;Partner;Dog;Unknown;1 week;Labrador Retriever Mix;White;;
A651596;Brownie;6;3;2014;17;13;0;Return_to_owner;;Dog;Neutered Male;2 years;Labrador Retriever Mix;Buff;;
A713886;Arthur;19;10;2015;20;13;0;Adoption;;Cat;Neutered Male;2 months;Domestic Shorthair Mix;Orange Tabby;;
A694408;Emma;28;5;2015;13;14;0;Transfer;Partner;Dog;Spayed Female;1 year;Pit Bull Mix;Brown Tiger;White;
A697281;;3;3;2015;13;14;0;Adoption;;Dog;Neutered Male;3 months;Chihuahua Longhair/Italian Greyhound;Tricolor;;
A671682;;30;1;2014;13;14;0;Transfer;SCRP;Cat;Neutered Male;2 years;Domestic Shorthair Mix;Blue;;
A707573;Squirt;15;7;2015;13;14;0;Return_to_owner;;Dog;Neutered Male;12 years;Chihuahua Shorthair Mix;White;;
A666074;Jackson;30;10;2013;15;14;0;Transfer;Partner;Cat;Intact Male;4 weeks;Domestic Shorthair Mix;Brown Tabby;;
A705731;Sven;24;6;2015;15;14;0;Transfer;Partner;Dog;Intact Male;3 months;Pit Bull Mix;White;Brown;
A666971;;14;11;2013;17;14;0;Adoption;;Cat;Neutered Male;2 months;Domestic Shorthair Mix;Orange Tabby;White;
A711853;Nala;7;11;2015;19;14;0;Adoption;;Cat;Spayed Female;2 months;Domestic Shorthair Mix;Brown Tabby;;
A684475;Daisy;5;8;2014;11;15;0;Return_to_owner;;Cat;Spayed Female;9 years;Domestic Shorthair Mix;White;Black;
A394547;Snickerdoodl;25;1;2015;11;15;0;Return_to_owner;;Dog;Spayed Female;9 years;Labrador Retriever Mix;Chocolate;White;
A688223;;21;9;2014;14;15;0;Adoption;Offsite;Dog;Spayed Female;2 months;Labrador Retriever Mix;Black;White;
A701647;;25;5;2015;14;15;0;Transfer;Partner;Cat;Intact Female;3 months;Domestic Shorthair Mix;Black;;
A671181;;21;1;2014;15;15;0;Transfer;SCRP;Cat;Intact Male;4 years;Domestic Longhair Mix;Black;White;
A678050;;3;5;2014;16;15;0;Transfer;Partner;Cat;Intact Male;3 weeks;Domestic Shorthair Mix;Brown Tabby;;
A691531;;7;11;2014;17;15;0;Transfer;Partner;Dog;Intact Male;2 months;Australian Cattle Dog Mix;White;Brown;
A674913;;25;3;2014;18;15;0;Adoption;;Dog;Spayed Female;3 years;German Shepherd/Great Pyrenees;White;;
A678482;;14;5;2014;19;15;0;Adoption;;Dog;Neutered Male;2 years;Miniature Poodle/Miniature Schnauzer;Black;White;
A682131;;24;6;2014;19;15;0;Transfer;Partner;Cat;Intact Male;3 weeks;Domestic Shorthair Mix;Brown Tabby;;
A707503;;14;7;2015;12;16;0;Transfer;Partner;Cat;Intact Male;3 weeks;Domestic Shorthair Mix;Brown Tabby;;
A717147;Freeway;15;12;2015;14;16;0;Adoption;;Dog;Neutered Male;5 months;Plott Hound Mix;Brown Brindle;White;
A682347;;26;6;2014;17;16;0;Transfer;Partner;Cat;Intact Female;3 weeks;Domestic Shorthair Mix;Blue Tabby;White;
A702207;;10;5;2015;17;16;0;Euthanasia;Suffering;Cat;Neutered Male;12 years;Domestic Longhair Mix;Orange Tabby;White;
A672410;Myles;11;2;2014;18;16;0;Return_to_owner;;Dog;Neutered Male;5 years;Beagle Mix;Tricolor;;
A720860;;20;2;2016;21;16;0;Adoption;;Dog;Spayed Female;8 months;Chihuahua Shorthair Mix;Chocolate;White;
A715378;Sadie;21;11;2015;11;17;0;Adoption;;Dog;Spayed Female;6 months;Pointer Mix;White;Blue;
A706506;;30;6;2015;12;17;0;Transfer;Partner;Cat;Unknown;5 days;Domestic Shorthair Mix;Black;;
A695710;Layla;2;8;2015;13;17;0;Transfer;Partner;Dog;Spayed Female;11 months;Boxer Mix;Brown Brindle;White;
A685452;;11;8;2014;15;17;0;Transfer;Partner;Dog;Intact Female;4 months;Dachshund/Chihuahua Shorthair;Red;;
A677462;;25;4;2014;15;17;0;Transfer;Partner;Cat;Unknown;0 years;Domestic Shorthair Mix;Blue;;
A669540;Snookie;28;12;2013;16;17;0;Return_to_owner;;Dog;Spayed Female;4 years;Yorkshire Terrier Mix;Blue;Tan;
A671784;Lucy;4;2;2014;17;17;0;Adoption;;Dog;Spayed Female;5 months;American Pit Bull Terrier Mix;Red;White;
A691838;Avaddon;9;2;2015;17;17;0;Euthanasia;Suffering;Dog;Neutered Male;12 years;Pit Bull Mix;Brown Brindle;;
A698953;;25;3;2015;17;17;0;Adoption;;Dog;Spayed Female;7 years;Miniature Poodle Mix;White;;
A714575;Isis;31;10;2015;15;18;0;Transfer;Partner;Cat;Intact Female;15 years;Domestic Shorthair Mix;Black;;
A667613;Orion;13;1;2014;15;18;0;Adoption;;Dog;Neutered Male;11 months;Australian Shepherd Mix;Tan;White;
A695155;;14;1;2015;16;18;0;Adoption;;Dog;Neutered Male;3 years;Border Terrier Mix;Gray;;
A662685;Lola;22;10;2015;17;18;0;Adoption;;Dog;Spayed Female;3 years;Pit Bull Mix;Red;White;
A676270;;12;7;2014;17;18;0;Adoption;Foster;Cat;Spayed Female;3 months;Domestic Shorthair Mix;Brown Tabby;;
A678172;Bella;10;5;2014;18;18;0;Adoption;;Dog;Spayed Female;1 year;Chihuahua Shorthair Mix;Red;;
A675563;Socks;1;4;2014;12;19;0;Transfer;Partner;Cat;Intact Female;2 months;Domestic Shorthair Mix;Calico;;
A708812;Munchkin;18;9;2015;15;19;0;Transfer;Partner;Cat;Spayed Female;1 year;Domestic Shorthair Mix;White;;
A698341;Parsley;16;5;2015;15;19;0;Return_to_owner;;Dog;Spayed Female;2 years;Tibetan Terrier Mix;Brown;;
A675983;;3;4;2014;15;19;0;Transfer;SCRP;Cat;Intact Female;8 months;Domestic Shorthair Mix;Blue Tabby;;
A671352;Roman;26;1;2014;15;19;0;Adoption;;Dog;Neutered Male;3 years;Labrador Retriever/Chow Chow;Brown;;
A685062;;5;8;2014;13;20;0;Adoption;;Cat;Neutered Male;2 months;Domestic Shorthair Mix;Orange Tabby;White;
A671105;;21;1;2014;15;20;0;Transfer;SCRP;Cat;Unknown;1 year;Domestic Longhair Mix;Black;;
A674737;Byron;27;5;2014;8;21;0;Adoption;Foster;Cat;Intact Male;2 months;Domestic Shorthair Mix;Black;;
A688600;;21;9;2014;13;21;0;Transfer;Partner;Cat;Intact Female;3 weeks;Domestic Shorthair Mix;Tortie;;
A616229;Rebecca;21;11;2015;15;21;0;Adoption;;Cat;Spayed Female;6 years;Domestic Shorthair Mix;Black;White;
A716729;Hazel;13;12;2015;16;21;0;Adoption;;Cat;Spayed Female;5 months;Domestic Shorthair Mix;Calico;;
A689951;Nelson;15;10;2014;17;21;0;Adoption;;Cat;Neutered Male;5 months;Siamese Mix;Flame Point;;
A664842;June;9;11;2013;19;21;0;Return_to_owner;;Dog;Spayed Female;2 years;Pit Bull Mix;Brown;White;
A657085;Pony Boy;24;10;2013;11;22;0;Return_to_owner;;Dog;Neutered Male;3 years;Pit Bull Mix;Brown;White;
A679259;Pablo;26;5;2014;11;22;0;Adoption;;Dog;Neutered Male;8 years;Miniature Schnauzer/Miniature Poodle;Black;;
A675640;Tyrone;10;4;2014;11;22;0;Return_to_owner;;Dog;Neutered Male;2 years;Border Collie Mix;Black;White;
A684978;;31;7;2014;13;22;0;Transfer;Partner;Cat;Intact Female;2 weeks;Domestic Shorthair Mix;Brown Tabby;;
A705262;Jamaica;15;8;2015;14;22;0;Adoption;;Dog;Spayed Female;2 years;Plott Hound/Boxer;Brown Brindle;White;
A681410;Nym;22;6;2014;17;22;0;Adoption;;Cat;Spayed Female;3 months;Domestic Longhair;Brown Tabby;;
A718604;Watson;31;1;2016;17;22;0;Adoption;;Dog;Neutered Male;1 year;Pit Bull Mix;White;Brown;
A671945;Hambone;12;2;2014;18;22;0;Return_to_owner;;Dog;Neutered Male;1 year;Shetland Sheepdog Mix;Brown;White;
A686632;Sammy;2;9;2014;11;23;0;Return_to_owner;;Cat;Neutered Male;9 months;Domestic Shorthair Mix;White;Brown Tabby;
A693739;Lily;19;12;2014;11;23;0;Transfer;Partner;Cat;Spayed Female;3 months;Domestic Shorthair Mix;Black;White;
A718547;;11;1;2016;14;23;0;Adoption;;Dog;Spayed Female;2 years;Labrador Retriever Mix;Tan;White;
A684825;Carl;6;8;2014;14;23;0;Transfer;Partner;Cat;Intact Male;1 month;Domestic Shorthair Mix;Black;White;
A668653;Chubs;5;11;2015;14;23;0;Adoption;;Dog;Neutered Male;2 years;Chihuahua Shorthair Mix;Black;;
A683443;;18;7;2014;16;23;0;Transfer;Partner;Dog;Intact Male;1 year;Chihuahua Shorthair Mix;Tan;;
A695971;;26;1;2015;16;23;0;Euthanasia;Suffering;Cat;Intact Male;6 years;Domestic Shorthair Mix;Orange Tabby;;
A675049;Judy;22;3;2014;16;23;0;Return_to_owner;;Dog;Spayed Female;3 years;Labrador Retriever Mix;Black;White;
A663948;Pumpkin;8;10;2013;17;23;0;Return_to_owner;;Cat;Neutered Male;3 months;Domestic Shorthair;Black;White;
A685899;;14;8;2014;17;23;0;Transfer;Partner;Cat;Intact Male;3 months;Siamese Mix;Seal Point;;
A678099;Spartacus;10;6;2015;17;23;0;Euthanasia;Aggressive;Dog;Neutered Male;2 years;Akita/Pit Bull;Tan;White;
A710227;Sebastian;24;8;2015;18;23;0;Euthanasia;Suffering;Cat;Neutered Male;12 years;Domestic Shorthair Mix;Black;White;
A690723;Friskie;23;11;2014;18;23;0;Adoption;;Cat;Spayed Female;2 months;Domestic Longhair Mix;Black;White;
A720143;;8;2;2016;19;23;0;Transfer;SCRP;Cat;Intact Male;1 year;Domestic Shorthair Mix;Brown Tabby;;
A666825;Jesse;8;11;2013;13;24;0;Return_to_owner;;Dog;Neutered Male;5 years;Collie Smooth/German Shepherd;Brown;Black;
A715729;Milo;9;11;2015;13;24;0;Return_to_owner;;Dog;Neutered Male;4 years;Siberian Husky;White;Gray;
A690543;Scarlet;25;3;2015;13;24;0;Return_to_owner;;Dog;Spayed Female;1 year;Pit Bull Mix;Chocolate;White;
A588218;Roger;3;12;2014;14;24;0;Return_to_owner;;Dog;Neutered Male;5 years;German Shepherd;Black;Brown;
A707464;Cassius;26;7;2015;14;24;0;Adoption;;Dog;Intact Male;8 months;Pit Bull Mix;White;Blue;
A673784;Severus;10;3;2014;16;24;0;Transfer;Partner;Dog;Neutered Male;4 months;Labrador Retriever Mix;Blue;;
A686675;Brisket;14;11;2014;16;24;0;Transfer;Partner;Dog;Neutered Male;1 year;Pit Bull Mix;Tan;White;
A701707;;3;5;2015;17;24;0;Transfer;Partner;Cat;Intact Female;2 weeks;Domestic Shorthair Mix;Orange Tabby;;
A713263;Houston;16;10;2015;17;24;0;Return_to_owner;;Dog;Intact Male;3 years;English Bulldog;Brown Brindle;;
A716340;Tibbers;1;12;2015;17;24;0;Adoption;;Cat;Spayed Female;2 months;Domestic Shorthair Mix;Brown Tabby;;
A705885;Meowser;27;6;2015;18;24;0;Adoption;;Cat;Neutered Male;3 months;Domestic Shorthair Mix;Black;;
A716089;;8;12;2015;19;24;0;Return_to_owner;;Cat;Neutered Male;2 years;Domestic Medium Hair Mix;Blue Tabby;;
A685180;Neville;27;9;2014;12;25;0;Transfer;Partner;Dog;Neutered Male;2 years;Pit Bull Mix;Red;;
A705598;;23;6;2015;13;25;0;Transfer;Partner;Cat;Intact Male;2 months;Domestic Shorthair Mix;Orange Tabby;;
A707341;Murphy;15;7;2015;15;25;0;Transfer;Partner;Dog;Intact Male;4 months;Labrador Retriever Mix;Black;White;
A705111;Kiki;24;6;2015;15;25;0;Adoption;;Dog;Spayed Female;2 years;Chihuahua Shorthair Mix;Brown;Black;
A703383;Dharma;28;5;2015;15;25;0;Transfer;Partner;Dog;Spayed Female;10 years;Cocker Spaniel;Buff;;
A681462;Samson;10;8;2014;16;25;0;Adoption;;Dog;Neutered Male;2 years;Labrador Retriever/Rottweiler;Black;Brown;
A702356;;24;5;2015;17;25;0;Euthanasia;Suffering;Cat;Intact Male;1 month;Domestic Shorthair Mix;White;Blue Tabby;
A684664;Leo;10;8;2014;17;25;0;Adoption;;Dog;Neutered Male;2 years;Chihuahua Shorthair Mix;Brown;White;
A685460;Jerrid;19;8;2014;18;25;0;Adoption;;Cat;Neutered Male;7 years;Siamese Mix;Flame Point;;
A690020;Jax;15;10;2014;18;25;0;Return_to_owner;;Dog;Intact Female;4 months;Boxer Mix;Brown Brindle;White;
A663346;July;10;11;2013;18;25;0;Euthanasia;Aggressive;Dog;Spayed Female;1 year;Pit Bull Mix;Black;White;
A599155;Machete;28;3;2015;19;25;0;Euthanasia;Suffering;Dog;Neutered Male;4 years;Chihuahua Shorthair Mix;White;Brown;
A674802;Franklin;29;3;2014;11;26;0;Return_to_owner;;Dog;Neutered Male;9 years;Dachshund Mix;Black;Brown;
A702563;Klo Dog;25;5;2015;11;26;0;Return_to_owner;;Dog;Spayed Female;7 years;Chihuahua Shorthair/Rat Terrier;White;Tan;
A714462;Pebbles;14;11;2015;13;26;0;Return_to_owner;;Dog;Spayed Female;1 year;Pointer Mix;White;Black;
A713063;;8;10;2015;16;26;0;Transfer;Partner;Dog;Spayed Female;1 year;Labrador Retriever Mix;Tan;White;
A704459;Maui;6;6;2015;16;26;0;Return_to_owner;;Dog;Spayed Female;11 years;Norfolk Terrier/Border Terrier;Cream;;
A697199;Pilar;4;4;2015;17;26;0;Adoption;;Cat;Spayed Female;7 years;Domestic Shorthair Mix;Blue Tabby;;
A707437;;19;7;2015;17;26;0;Adoption;;Cat;Neutered Male;2 months;Domestic Shorthair Mix;Black;;
A683507;;15;7;2014;17;26;0;Adoption;;Dog;Spayed Female;3 years;Cairn Terrier Mix;Buff;;
A684601;Rocket;3;2;2016;11;27;0;Adoption;Foster;Dog;Neutered Male;4 years;Pit Bull Mix;Brown;;
A664304;;3;10;2013;12;27;0;Transfer;SCRP;Cat;Intact Male;10 months;Domestic Shorthair Mix;Orange Tabby;;
A705338;;17;6;2015;12;27;0;Transfer;Partner;Cat;Intact Female;3 weeks;Domestic Shorthair Mix;Tortie;;
A681003;;17;6;2014;13;27;0;Transfer;Partner;Dog;Neutered Male;2 years;Pointer/Labrador Retriever;Black;White;
A707767;Lilly;19;7;2015;18;27;0;Adoption;;Cat;Neutered Male;2 months;Domestic Shorthair Mix;Brown Tabby;;
A691614;Challino;12;11;2014;18;27;0;Adoption;;Dog;Neutered Male;4 months;German Shepherd/Siberian Husky;Red;White;
A714069;Jupiter;16;12;2015;11;28;0;Adoption;Foster;Cat;Neutered Male;2 months;Domestic Shorthair Mix;Black Tabby;White;
A665221;;29;10;2013;11;28;0;Transfer;Partner;Dog;Intact Male;1 month;Australian Cattle Dog Mix;Brown;Black;
A686464;Pearce;31;1;2015;12;28;0;Adoption;Foster;Dog;Neutered Male;2 years;Pit Bull Mix;Blue;White;
A709371;Abby;19;8;2015;14;28;0;Transfer;Partner;Dog;Spayed Female;2 years;Cardigan Welsh Corgi/Chihuahua Shorthair;Tan;;
A696059;Chewy;5;2;2015;14;28;0;Adoption;;Dog;Neutered Male;3 years;Chihuahua Shorthair Mix;Tan;White;
A694699;Pebbles;9;1;2015;15;28;0;Transfer;Partner;Dog;Spayed Female;2 years;Chihuahua Shorthair Mix;Black;Tan;
A689138;;29;9;2014;18;28;0;Euthanasia;Suffering;Cat;Intact Female;4 weeks;Siamese Mix;Blue Point;;
A667366;;17;11;2013;18;28;0;Return_to_owner;;Dog;Spayed Female;3 years;Chihuahua Shorthair Mix;Black;Tan;
A683416;;14;7;2014;19;28;0;Adoption;;Cat;Neutered Male;2 months;Domestic Shorthair Mix;Black;White;
A653055;Leia;1;2;2015;12;29;0;Return_to_owner;;Dog;Spayed Female;2 years;Black/Tan Hound Mix;Black;Tan;
A688552;Tucker;18;12;2014;14;29;0;Adoption;Foster;Cat;Intact Male;3 months;Domestic Longhair Mix;Brown Tabby;;
A675549;Marco;8;4;2014;15;29;0;Transfer;Partner;Dog;Neutered Male;4 years;Chihuahua Shorthair Mix;White;Brown;
A713968;Katydid;24;10;2015;18;29;0;Transfer;Partner;Cat;Intact Female;1 month;Domestic Longhair Mix;Calico;;
A718566;Eleonora;12;1;2016;9;30;0;Euthanasia;Suffering;Cat;Intact Female;10 years;Domestic Shorthair Mix;Brown Tabby;White;
A702014;Diamond;14;11;2015;13;30;0;Adoption;;Dog;Spayed Female;11 months;Blue Lacy Mix;Blue;White;
A708666;Jax;30;7;2015;14;30;0;Return_to_owner;;Cat;Neutered Male;7 years;Russian Blue Mix;Blue;;
A710655;Cloud;10;10;2015;14;30;0;Adoption;;Cat;Intact Male;2 months;Siamese Mix;Lilac Point;;
A703781;Romeo;30;5;2015;15;30;0;Transfer;Partner;Dog;Intact Male;6 years;Dachshund;Blue Merle;White;
A675622;;4;4;2014;15;30;0;Adoption;;Dog;Neutered Male;4 months;Collie Smooth/Labrador Retriever;Tricolor;;
A704702;Scooter;8;6;2015;16;30;0;Return_to_owner;;Dog;Neutered Male;2 years;Yorkshire Terrier Mix;Black;Red;
A696350;Minnie;15;12;2015;17;30;0;Return_to_owner;;Dog;Spayed Female;1 year;Pit Bull;Brown Brindle;;
A696819;Captain;21;2;2015;17;30;0;Adoption;;Dog;Neutered Male;6 months;Cocker Spaniel Mix;Sable;;
A720668;;15;2;2016;18;30;0;Return_to_owner;;Dog;Spayed Female;5 months;Labrador Retriever Mix;White;;
A667508;Brownie;19;11;2013;18;30;0;Return_to_owner;;Dog;Intact Male;6 years;Chihuahua Shorthair Mix;Chocolate;Tan;
A678185;;9;5;2014;19;30;0;Transfer;Partner;Dog;Spayed Female;2 years;Miniature Poodle Mix;Black;Gray;
A701153;;25;6;2015;9;31;0;Adoption;Foster;Dog;Neutered Male;2 months;Dachshund/Manchester Terrier;Tricolor;;
A660910;Kief;24;10;2013;12;31;0;Return_to_owner;;Dog;Neutered Male;2 years;Dachshund/Catahoula;Brown Brindle;White;
A704032;Madison;5;6;2015;14;31;0;Adoption;;Cat;Spayed Female;2 months;Domestic Shorthair Mix;Brown Tabby;;
A711392;Molly;8;9;2015;15;31;0;Transfer;Partner;Dog;Intact Female;2 months;English Foxhound;Buff;;
A719480;Ricky;9;2;2016;16;31;0;Transfer;Partner;Cat;Spayed Female;2 years;Domestic Medium Hair Mix;Brown Tabby;White;
A718832;Nia;15;1;2016;17;31;0;Adoption;;Dog;Spayed Female;6 months;American Staffordshire Terrier Mix;Chocolate;White;
A683961;;17;7;2014;17;31;0;Transfer;Partner;Cat;Unknown;2 weeks;Domestic Shorthair Mix;Black;;
A679010;Chrissy;17;5;2014;11;32;0;Transfer;Partner;Cat;Intact Female;2 years;Angora Mix;White;;
A706446;Tootsie;18;8;2015;11;32;0;Return_to_owner;;Cat;Intact Female;1 year;Domestic Shorthair Mix;Black;;
A707442;Conrad;15;8;2015;11;32;0;Adoption;;Dog;Neutered Male;2 years;Pit Bull Mix;Brown;White;
A689449;Bizzy;18;11;2014;11;32;0;Adoption;;Cat;Spayed Female;2 months;Domestic Shorthair Mix;Black;;
A709863;Orangejello;19;8;2015;13;32;0;Transfer;Partner;Cat;Intact Male;1 year;Domestic Shorthair Mix;Orange Tabby;White;
A665781;Quattro;28;10;2013;16;32;0;Adoption;;Dog;Neutered Male;10 months;German Shepherd Mix;Brown;White;
A678627;Qwayzar;25;5;2014;17;32;0;Adoption;;Cat;Spayed Female;1 month;Domestic Shorthair Mix;Calico;;
A714740;Chiquita;27;10;2015;18;32;0;Return_to_owner;;Dog;Spayed Female;6 years;Maltese Mix;White;;
A693272;Kodiak;31;1;2015;13;33;0;Adoption;;Dog;Neutered Male;1 month;Beagle/German Shepherd;Black;Brown;
A711918;Jaqueline;19;9;2015;14;33;0;Adoption;;Dog;Spayed Female;3 years;Jack Russell Terrier/Pit Bull;Red;;
A665741;Leia;20;1;2014;14;33;0;Return_to_owner;;Cat;Spayed Female;7 years;Domestic Shorthair Mix;Brown Tabby;;
A697537;Annie;5;11;2015;14;33;0;Adoption;;Dog;Spayed Female;3 years;Pit Bull Mix;Black;White;
A702880;Tom;28;6;2015;15;33;0;Adoption;;Cat;Spayed Female;2 months;Domestic Medium Hair Mix;Calico;;
A664380;;3;10;2013;15;33;0;Transfer;SCRP;Cat;Intact Female;6 months;Domestic Medium Hair Mix;Calico;;
A717989;Leroy;28;12;2015;17;33;0;Return_to_owner;;Dog;Neutered Male;7 years;American Bulldog Mix;White;;
A683070;;6;7;2014;18;33;0;Transfer;Partner;Cat;Intact Male;3 days;Domestic Shorthair Mix;White;;
A652097;Minnie;10;2;2014;12;34;0;Return_to_owner;;Dog;Spayed Female;2 years;Dachshund Longhair;Brown;;
A684787;Kuma;30;7;2014;17;34;0;Return_to_owner;;Dog;Neutered Male;1 year;Flat Coat Retriever Mix;Black;;
A624771;Cujo;26;1;2016;17;34;0;Return_to_owner;;Dog;Neutered Male;5 years;American Bulldog Mix;Tan;;
A671201;Pablito;25;1;2014;18;34;0;Return_to_owner;;Dog;Neutered Male;8 years;Chihuahua Shorthair Mix;Tricolor;;
A711639;;10;9;2015;11;35;0;Transfer;Partner;Cat;Intact Female;3 weeks;Domestic Shorthair Mix;Tortie;Calico;
A688501;Watson;18;12;2014;13;35;0;Transfer;Partner;Cat;Neutered Male;4 months;Domestic Medium Hair Mix;Black;;
A676334;;22;4;2014;15;35;0;Transfer;SCRP;Cat;Intact Female;2 years;Domestic Shorthair Mix;Black;;
A682833;Nala;13;9;2014;18;35;0;Adoption;Foster;Cat;Spayed Female;3 months;Siamese Mix;Lilac Point;;
A718743;Newton;10;1;2016;11;36;0;Adoption;;Dog;Neutered Male;2 years;Shih Tzu;Gray;White;
A715573;;12;11;2015;12;36;0;Adoption;;Dog;Neutered Male;6 months;Labrador Retriever Mix;Buff;;
A690806;Hailey;7;11;2014;13;36;0;Transfer;Partner;Cat;Intact Female;2 months;Domestic Longhair Mix;Black;White;
A665587;Cheddar;27;11;2013;14;36;0;Adoption;;Cat;Neutered Male;8 years;Domestic Medium Hair Mix;Orange Tabby;;
A700025;Molly;9;4;2015;15;36;0;Return_to_owner;;Dog;Intact Female;10 years;Yorkshire Terrier Mix;Black;Tricolor;
A672067;Jesse;13;2;2014;17;36;0;Return_to_owner;;Cat;Neutered Male;3 years;Domestic Shorthair Mix;Brown Tabby;;
A682413;;2;7;2014;13;37;0;Transfer;Partner;Cat;Intact Male;2 months;Domestic Shorthair Mix;Blue;White;
A689690;Winnie;22;10;2014;14;37;0;Transfer;Partner;Dog;Intact Female;6 months;Dachshund Mix;Brown;White;
A701791;Arwen;19;7;2015;14;37;0;Adoption;Foster;Cat;Spayed Female;2 years;Domestic Longhair Mix;Brown Tabby;White;
A666092;;30;10;2013;15;37;0;Euthanasia;Aggressive;Dog;Intact Male;6 years;Pit Bull/Labrador Retriever;Chocolate;White;
A704754;Arthur;18;7;2015;15;37;0;Adoption;Foster;Cat;Neutered Male;2 months;Domestic Shorthair Mix;Black;;
A699819;Coco;6;4;2015;15;37;0;Return_to_owner;;Dog;Intact Male;14 years;Chihuahua Shorthair Mix;Chocolate;White;
A685945;Cody;20;9;2014;15;37;0;Adoption;;Dog;Neutered Male;5 years;Chihuahua Shorthair Mix;Tan;White;
A663339;Abby;20;10;2013;16;37;0;Adoption;;Dog;Spayed Female;2 years;Pit Bull Mix;Fawn;White;
A694601;Barnaby;6;1;2015;18;37;0;Adoption;;Cat;Neutered Male;6 months;Domestic Shorthair Mix;Black;;
A679113;;16;5;2014;18;37;0;Transfer;Partner;Cat;Unknown;2 weeks;Domestic Shorthair Mix;Blue Tabby;;
A707887;Firefly;22;7;2015;18;37;0;Adoption;;Cat;Neutered Male;2 months;Domestic Shorthair Mix;Brown Tabby;;
A682724;Morris;13;7;2014;19;37;0;Adoption;Foster;Cat;Neutered Male;2 months;Domestic Shorthair Mix;Black;;
A687785;Bella;30;12;2014;9;38;0;Adoption;Foster;Dog;Spayed Female;2 years;Whippet Mix;Brown Brindle;White;
A682784;Sugar;7;7;2014;12;38;0;Adoption;;Dog;Neutered Male;2 years;Dachshund/Beagle;Brown;White;
A667031;Nala;20;12;2013;12;38;0;Transfer;Partner;Cat;Spayed Female;2 years;Exotic Shorthair Mix;White;Orange Tabby;
A674233;Missy;22;3;2014;15;38;0;Adoption;;Dog;Spayed Female;1 year;Chihuahua Shorthair Mix;Tan;;
A638060;Noah;16;8;2015;17;38;0;Adoption;;Cat;Neutered Male;8 years;Domestic Shorthair Mix;Black;White;
A697892;Bella;16;3;2015;17;38;0;Adoption;Foster;Dog;Spayed Female;1 year;Chihuahua Shorthair Mix;Brown;Black;
A687991;;12;9;2014;18;38;0;Transfer;Partner;Cat;Intact Male;3 weeks;Domestic Shorthair Mix;Calico;;
A687989;;12;9;2014;18;38;0;Transfer;Partner;Cat;Intact Female;3 weeks;Domestic Shorthair Mix;Calico;;
A701898;Anita;10;5;2015;18;38;0;Return_to_owner;;Dog;Spayed Female;1 year;Chihuahua Shorthair Mix;Tan;Black;
A543073;Tiny Tinker;11;5;2015;18;38;0;Return_to_owner;;Dog;Spayed Female;9 years;Chihuahua Shorthair;Brown;;
A717839;;20;12;2015;19;38;0;Transfer;SCRP;Cat;Spayed Female;2 years;Domestic Shorthair Mix;Black;White;
A672453;;16;2;2014;19;38;0;Adoption;Offsite;Cat;Neutered Male;10 months;Domestic Medium Hair Mix;Cream Tabby;;
A687055;Lizzie;1;9;2014;10;39;0;Return_to_owner;;Dog;Spayed Female;10 years;Collie Smooth/Chow Chow;Sable;;
A698495;Nugget;27;3;2015;14;39;0;Adoption;;Dog;Neutered Male;1 year;Chihuahua Shorthair Mix;Tan;;
A680351;Oliver;7;7;2014;15;39;0;Adoption;;Cat;Neutered Male;2 months;Domestic Medium Hair Mix;Orange Tabby;;
A701999;Luna;12;5;2015;17;39;0;Adoption;;Dog;Spayed Female;2 years;Yorkshire Terrier/Miniature Poodle;Tan;Silver;
A713977;Jumbly;26;10;2015;18;39;0;Return_to_owner;;Cat;Spayed Female;3 years;Domestic Shorthair Mix;Calico;;
A708351;;26;7;2015;14;40;0;Transfer;Partner;Cat;Unknown;2 weeks;Domestic Shorthair Mix;Black;;
A660275;Lucy;4;11;2013;15;40;0;Return_to_owner;;Dog;Spayed Female;2 years;Scottish Terrier/Cairn Terrier;Black;;
A672515;;12;2;2014;15;40;0;Transfer;SCRP;Cat;Intact Male;1 year;Domestic Shorthair Mix;Cream Tabby;;
A668506;Jake;3;11;2015;16;40;0;Return_to_owner;;Dog;Neutered Male;7 years;German Shepherd;Brown;Black;
A699094;Levon;22;3;2015;18;40;0;Return_to_owner;;Dog;Neutered Male;2 years;Chihuahua Shorthair Mix;Brown;White;
A487470;Midnight;20;1;2014;18;40;0;Euthanasia;Aggressive;Dog;Neutered Male;9 years;Labrador Retriever/Pit Bull;Black;;
A668595;;13;12;2013;11;41;0;Return_to_owner;;Dog;Intact Male;4 weeks;Chihuahua Shorthair Mix;Tricolor;;
A716890;Vidalia;6;12;2015;12;41;0;Adoption;;Cat;Spayed Female;3 months;Domestic Shorthair Mix;Brown Tabby;White;
A670681;Matty;30;1;2014;14;41;0;Transfer;Partner;Cat;Spayed Female;4 years;Domestic Shorthair Mix;Torbie;;
A700707;Sallie;20;4;2015;14;41;0;Adoption;;Dog;Spayed Female;1 month;Plott Hound/Labrador Retriever;Black;Brown Brindle;
A691605;Daisy;8;11;2014;14;41;0;Return_to_owner;;Dog;Spayed Female;6 years;Plott Hound Mix;Brown Brindle;;
A705924;Nero;29;7;2015;15;41;0;Transfer;Partner;Dog;Neutered Male;7 years;Chihuahua Shorthair Mix;Brown;White;
A700119;;8;4;2015;15;41;0;Transfer;Partner;Cat;Intact Female;4 days;Domestic Shorthair Mix;Torbie;;
A679102;Merlin;10;6;2014;16;41;0;Transfer;Partner;Cat;Neutered Male;2 years;Siamese Mix;Flame Point;;
A687643;;8;9;2014;16;41;0;Transfer;Partner;Cat;Intact Female;2 weeks;Domestic Shorthair Mix;Blue Tabby;White;
A684362;Bella;11;11;2014;17;41;0;Adoption;;Cat;Spayed Female;5 months;Siamese Mix;Tortie Point;;
A713084;Haelo;5;10;2015;17;41;0;Adoption;;Dog;Neutered Male;6 years;Miniature Poodle Mix;Buff;;
A705656;Rasberry;26;6;2015;9;42;0;Euthanasia;Suffering;Cat;Intact Female;1 month;Domestic Shorthair Mix;Tortie;;
A668803;Dumpling;11;1;2014;17;42;0;Adoption;Foster;Dog;Spayed Female;2 months;Border Collie/Labrador Retriever;Black;White;
A682535;;4;7;2014;18;42;0;Transfer;Partner;Dog;Neutered Male;4 months;Plott Hound Mix;Brown Brindle;Red Tick;
A719048;Gracie;13;1;2016;11;43;0;Return_to_owner;;Dog;Spayed Female;8 years;Maltese;White;;
A676430;Tabitha;23;11;2014;12;43;0;Adoption;;Cat;Spayed Female;8 months;Domestic Shorthair Mix;Torbie;;
A714546;Blaze;26;10;2015;12;43;0;Return_to_owner;;Dog;Intact Male;9 months;Pit Bull/Dogue De Bordeaux;Red;White;
A701337;;30;4;2015;14;43;0;Transfer;Partner;Dog;Intact Male;1 year;Cairn Terrier Mix;Cream;;
A707682;Sleepy;21;8;2015;15;43;0;Adoption;;Cat;Neutered Male;2 months;Domestic Shorthair Mix;Black;;
A679721;Poppy;29;5;2014;17;43;0;Adoption;;Dog;Neutered Male;5 years;Chihuahua Shorthair Mix;Tan;White;
A640316;Kato;2;10;2013;17;43;0;Adoption;;Dog;Neutered Male;1 year;Chihuahua Longhair Mix;Black;;
A674577;Santiago;23;3;2014;18;43;0;Adoption;;Dog;Neutered Male;2 years;Dogo Argentino Mix;White;;
A688871;Pandora;3;10;2014;18;43;0;Adoption;;Cat;Intact Female;2 months;Domestic Shorthair Mix;Black;;
A656520;Emily;13;10;2013;12;44;0;Euthanasia;Suffering;Cat;Spayed Female;1 year;Domestic Shorthair Mix;Cream Tabby;;
A718585;;7;1;2016;12;44;0;Transfer;Partner;Dog;Neutered Male;2 months;Labrador Retriever Mix;Black;Tan;
A678536;Tulip;17;5;2014;13;44;0;Adoption;;Dog;Spayed Female;1 year;Chihuahua Shorthair Mix;White;Brown;
A712750;Olive;3;10;2015;15;44;0;Transfer;Partner;Cat;Intact Female;1 month;Domestic Shorthair Mix;Orange Tabby;;
A710380;;22;8;2015;15;44;0;Transfer;Partner;Cat;Unknown;1 week;Domestic Shorthair Mix;Brown Tabby;;
A713754;Harper;27;10;2015;16;44;0;Adoption;;Dog;Neutered Male;1 year;Catahoula Mix;Blue Merle;;
A676333;Trigger;9;4;2014;17;44;0;Return_to_owner;;Dog;Neutered Male;2 months;German Shepherd Mix;Black;Brown;
A705109;;29;6;2015;17;44;0;Adoption;Foster;Cat;Spayed Female;2 months;Domestic Longhair Mix;Blue;;
A714602;Stripey;29;10;2015;18;44;0;Adoption;;Cat;Intact Female;2 months;Domestic Shorthair Mix;Brown Tabby;;
A699499;;1;4;2015;18;44;0;Adoption;;Cat;Neutered Male;1 year;Domestic Shorthair Mix;Black;White;
A712236;Bella;23;9;2015;11;45;0;Adoption;;Dog;Spayed Female;2 years;Dachshund Mix;Tan;White;
A682599;Shiva;3;7;2014;18;45;0;Adoption;;Cat;Spayed Female;4 months;Domestic Longhair;Calico;;
A715741;Simba;19;11;2015;18;45;0;Adoption;;Dog;Neutered Male;3 years;Chow Chow Mix;Red;;
A669510;Kimchi;1;1;2014;18;45;0;Adoption;;Dog;Spayed Female;1 year;Rottweiler/Labrador Retriever;Black;Tan;
A701804;;5;5;2015;11;46;0;Transfer;Partner;Cat;Intact Female;3 weeks;Domestic Shorthair Mix;Black;;
A676609;Buddy;6;7;2014;12;46;0;Adoption;;Dog;Neutered Male;1 year;Labrador Retriever/Chow Chow;Brown;;
A707004;Ranger;5;9;2015;12;46;0;Adoption;;Cat;Neutered Male;3 months;Domestic Shorthair Mix;White;Orange Tabby;
A696584;Pequina;7;3;2015;15;46;0;Adoption;;Dog;Spayed Female;2 years;Dachshund Mix;Brown;;
A690480;;22;10;2014;17;46;0;Transfer;Partner;Dog;Intact Female;3 weeks;Pointer Mix;Chocolate;White;
A713418;;7;10;2015;8;47;0;Transfer;Partner;Dog;Intact Male;2 months;Australian Cattle Dog Mix;Buff;White;
A657652;Mason;3;6;2014;11;47;0;Adoption;;Dog;Neutered Male;3 years;Labrador Retriever/Chinese Sharpei;Black;;
A679441;;21;5;2014;13;47;0;Transfer;Partner;Cat;Intact Male;4 days;Domestic Shorthair Mix;Cream Tabby;White;
A696247;Jillian;22;11;2015;13;47;0;Adoption;;Dog;Spayed Female;2 years;Pointer Mix;Chocolate;White;
A691345;Jelly Bean;9;11;2014;14;47;0;Adoption;;Dog;Spayed Female;2 months;Australian Cattle Dog Mix;Brown;White;
A702246;;15;5;2015;17;47;0;Adoption;;Dog;Spayed Female;9 months;Miniature Poodle Mix;Black;White;
A701165;;24;4;2015;17;47;0;Transfer;Partner;Cat;Intact Male;4 weeks;Domestic Shorthair;Blue;;
A685178;;3;8;2014;17;47;0;Transfer;Partner;Cat;Intact Male;2 weeks;Domestic Shorthair Mix;Blue Tabby;;
A677747;;3;5;2014;7;48;0;Adoption;Offsite;Dog;Spayed Female;1 year;Cairn Terrier;White;;
A674638;Sam;16;3;2014;10;48;0;Return_to_owner;;Dog;Neutered Male;7 years;Labrador Retriever Mix;Chocolate;;
A682760;Jasper;10;7;2014;12;48;0;Adoption;;Dog;Neutered Male;1 year;Jack Russell Terrier/Dachshund;White;Brown;
A672758;Daisy;16;7;2014;13;48;0;Transfer;Partner;Dog;Spayed Female;4 years;Chihuahua Shorthair/Rat Terrier;Tan;White;
A710318;Tank;17;9;2015;13;48;0;Transfer;Partner;Dog;Neutered Male;5 years;Pit Bull Mix;Brown Brindle;White;
A666320;;4;11;2013;14;48;0;Adoption;;Dog;Spayed Female;2 years;Miniature Schnauzer Mix;Silver;;
A682824;;8;7;2014;14;48;0;Transfer;Partner;Cat;Intact Male;2 months;Domestic Shorthair Mix;Black;White;
A698694;Boss;6;7;2015;15;48;0;Transfer;Partner;Dog;Intact Male;5 months;Pit Bull Mix;White;Brown;
A641103;Apollo;26;12;2015;15;48;0;Return_to_owner;;Dog;Intact Male;3 years;Siberian Husky;Black;White;
A683732;;25;7;2014;16;48;0;Transfer;Partner;Cat;Intact Male;4 weeks;Domestic Shorthair Mix;Blue;;
A679915;Luna;1;6;2014;17;48;0;Adoption;;Cat;Spayed Female;1 year;Domestic Shorthair Mix;Black;White;
A680585;Olivia;16;7;2014;17;48;0;Adoption;;Cat;Spayed Female;4 months;Domestic Shorthair Mix;Brown Tabby;White;
A695905;Mew;26;1;2015;17;48;0;Adoption;;Dog;Spayed Female;2 months;Border Collie Mix;Tricolor;;
A667963;;30;11;2013;18;48;0;Adoption;;Dog;Spayed Female;5 years;Dachshund Longhair Mix;Tan;White;
A688852;Buddy;18;10;2014;18;48;0;Adoption;;Dog;Neutered Male;6 years;Labrador Retriever Mix;Black;White;
A687906;Kerby;25;9;2014;18;48;0;Transfer;Partner;Cat;Intact Male;1 month;Domestic Medium Hair Mix;Brown Tabby;White;
A676200;Georgia;10;4;2014;11;49;0;Transfer;Partner;Dog;Spayed Female;7 years;Lhasa Apso;White;Black;
A666504;;11;12;2013;12;49;0;Transfer;Partner;Cat;Neutered Male;1 month;Domestic Shorthair Mix;Orange Tabby;White;
A616576;Lucy;26;12;2015;12;49;0;Return_to_owner;;Dog;Spayed Female;7 years;Blue Lacy/Collie Smooth;Tricolor;;
A696609;Lizzy;11;7;2015;13;49;0;Transfer;Partner;Dog;Spayed Female;2 years;Labrador Retriever;Black;;
A695950;Laurel;13;2;2015;14;49;0;Adoption;Foster;Dog;Spayed Female;2 years;Pit Bull Mix;Brown;White;
A665666;Teddy;27;12;2013;15;49;0;Transfer;Partner;Cat;Neutered Male;1 year;Domestic Shorthair Mix;Black;;
A679956;Simon;8;6;2014;16;49;0;Return_to_owner;;Dog;Neutered Male;1 year;Anatol Shepherd;Fawn;Black;
A708390;Stella;2;8;2015;18;49;0;Adoption;;Dog;Spayed Female;2 years;Flat Coat Retriever Mix;Black;White;
A702973;;19;5;2015;18;49;0;Transfer;Partner;Cat;Unknown;3 weeks;Domestic Shorthair Mix;Black;White;
A686716;Chester;27;8;2014;7;50;0;Return_to_owner;;Dog;Neutered Male;12 years;Beagle;Tricolor;;
A665298;;16;10;2013;11;50;0;Transfer;Partner;Cat;Intact Female;2 weeks;Domestic Medium Hair Mix;Blue;;
A698066;Diva;7;3;2015;12;50;0;Transfer;Partner;Dog;Spayed Female;4 years;German Shepherd Mix;White;;
A672065;Dutchess;8;4;2014;12;50;0;Adoption;;Dog;Spayed Female;2 years;German Shepherd Mix;Sable;;
A711607;Bosco;20;9;2015;14;50;0;Adoption;;Cat;Neutered Male;2 months;Manx Mix;White;Black;
A668402;;5;12;2013;15;50;0;Transfer;SCRP;Cat;Unknown;2 years;Domestic Shorthair Mix;Black;;
A666444;August;4;11;2013;15;50;0;Transfer;Partner;Cat;Spayed Female;11 years;Domestic Shorthair Mix;Tortie;;
A694278;Mya;2;1;2015;16;50;0;Transfer;Partner;Dog;Spayed Female;7 years;Great Dane;Black;White;
A698972;Kiki;23;3;2015;17;50;0;Return_to_owner;;Dog;Spayed Female;6 years;Chihuahua Shorthair Mix;Black;Gray;
A683609;Rascal;17;7;2014;17;50;0;Return_to_owner;;Dog;Neutered Male;6 years;Dachshund Mix;Brown;;
A698777;Chloe;25;3;2015;18;50;0;Adoption;;Dog;Spayed Female;5 years;Chihuahua Shorthair Mix;White;Tan;
A703631;Hanley;3;7;2015;18;50;0;Adoption;;Dog;Neutered Male;1 year;Labrador Retriever Mix;Black;White;
A699715;Ashley;13;5;2015;11;51;0;Transfer;Partner;Dog;Spayed Female;6 years;Catahoula/Labrador Retriever;White;Tan;
A686918;Aimee;2;9;2014;14;51;0;Transfer;Partner;Dog;Intact Female;3 years;Australian Cattle Dog Mix;Tricolor;;
A716766;Marley;24;11;2015;16;51;0;Return_to_owner;;Dog;Neutered Male;5 years;Cocker Spaniel Mix;Black;;
A666478;Bleu;4;11;2013;17;51;0;Adoption;;Dog;Spayed Female;1 year;Miniature Schnauzer/Yorkshire Terrier;Black;White;
A687789;;14;9;2014;18;51;0;Adoption;;Dog;Neutered Male;1 year;Dachshund/Beagle;Brown;White;
A687336;;3;9;2014;18;51;0;Transfer;Partner;Cat;Intact Female;4 weeks;Domestic Medium Hair Mix;Brown Tabby;;
A667013;;15;11;2013;12;52;0;Transfer;Partner;Dog;Neutered Male;2 years;Lhasa Apso/Miniature Poodle;Tan;;
A707687;Bashful;16;8;2015;13;52;0;Adoption;;Cat;Spayed Female;2 months;Domestic Shorthair Mix;Calico;;
A676766;Ali;28;5;2014;15;52;0;Adoption;;Cat;Neutered Male;2 years;Domestic Shorthair Mix;Black;White;
A699927;Lennon;26;5;2015;15;52;0;Adoption;;Cat;Neutered Male;10 years;Domestic Shorthair Mix;Orange Tabby;;
A681576;Pippin;7;7;2014;16;52;0;Adoption;Foster;Dog;Neutered Male;1 month;Labrador Retriever/Blue Lacy;Chocolate;White;
A687003;Chico;12;11;2015;18;52;0;Return_to_owner;;Dog;Neutered Male;5 years;Chihuahua Longhair Mix;Cream;;
A713364;Calypso;13;11;2015;11;53;0;Transfer;Partner;Cat;Intact Female;1 year;Domestic Shorthair Mix;Black;White;
A687180;;8;9;2014;11;53;0;Adoption;;Cat;Spayed Female;2 months;Domestic Shorthair Mix;Orange Tabby;White;
A712984;Sammy;8;10;2015;13;53;0;Transfer;Partner;Cat;Neutered Male;2 months;Domestic Shorthair Mix;Orange Tabby;White;
A701575;Hastings;29;1;2016;14;53;0;Transfer;Partner;Dog;Neutered Male;2 years;Pit Bull Mix;Brown Brindle;White;
A691847;Hero;8;12;2014;15;53;0;Transfer;Partner;Dog;Neutered Male;6 months;Pointer Mix;Black;White;
A657753;Wiz;6;12;2013;16;53;0;Euthanasia;Aggressive;Dog;Neutered Male;1 year;Chihuahua Shorthair/Dachshund;Yellow Brindle;White;
A699468;Mary;3;4;2015;16;53;0;Transfer;Partner;Dog;Intact Female;2 months;Labrador Retriever Mix;Chocolate;White;
A695297;Sparkles;19;1;2015;17;53;0;Adoption;;Cat;Spayed Female;7 months;Domestic Shorthair Mix;Brown Tabby;White;
A713668;;10;10;2015;17;53;0;Transfer;Partner;Cat;Unknown;2 weeks;Domestic Shorthair Mix;Orange Tabby;White;
A697959;Nigel;31;5;2015;18;53;0;Adoption;;Dog;Neutered Male;2 years;Pit Bull Mix;Brown;;
A698117;;6;3;2015;9;54;0;Transfer;Partner;Dog;Unknown;6 days;Labrador Retriever Mix;White;;
A708769;Keyla;1;8;2015;11;54;0;Adoption;;Dog;Spayed Female;1 year;Chihuahua Shorthair Mix;White;Tan;
A680028;;7;6;2014;12;54;0;Transfer;Partner;Dog;Intact Female;2 weeks;Pit Bull Mix;Brown;White;
A685242;;15;8;2014;12;54;0;Adoption;;Cat;Spayed Female;4 months;Domestic Shorthair Mix;Tortie;;
A687012;Chloe;7;2;2016;14;54;0;Adoption;;Dog;Spayed Female;3 years;Boxer/Great Dane;Black;;
A676626;Pia;30;5;2014;16;54;0;Adoption;Foster;Dog;Spayed Female;2 months;English Pointer Mix;Brown;White;
A694435;Sam;6;1;2015;16;54;0;Transfer;Partner;Dog;Neutered Male;2 years;German Shepherd Mix;Black;Tan;
A680426;Lyla;2;6;2014;16;54;0;Return_to_owner;;Dog;Spayed Female;3 years;Labrador Retriever Mix;Yellow;;
A656110;Clover;22;11;2013;17;54;0;Return_to_owner;;Dog;Spayed Female;9 months;Rat Terrier Mix;Tricolor;;
A643703;Popcorn;11;3;2014;12;55;0;Return_to_owner;;Dog;Neutered Male;3 years;Cocker Spaniel Mix;Yellow;;
A668626;;6;12;2013;14;55;0;Euthanasia;Suffering;Dog;Intact Male;3 years;Labrador Retriever Mix;Yellow;;
A667828;;26;11;2013;14;55;0;Transfer;SCRP;Cat;Intact Female;4 months;Domestic Shorthair Mix;Black;;
A695943;Tucker;8;2;2015;14;55;0;Adoption;;Dog;Neutered Male;2 years;Bernese Mountain Dog/Rottweiler;Tricolor;;
A689749;Taco;18;10;2014;16;55;0;Adoption;;Cat;Neutered Male;2 months;Domestic Shorthair Mix;Brown Tabby;;
A676736;Chili;30;4;2014;17;55;0;Adoption;;Dog;Neutered Male;2 months;Vizsla Mix;Brown;;
A510475;Duke;4;7;2014;17;55;0;Return_to_owner;;Dog;Neutered Male;7 years;Pit Bull Mix;Red;White;
A689601;Abby;23;11;2014;18;55;0;Adoption;Foster;Dog;Spayed Female;1 month;Miniature Pinscher/Chihuahua Shorthair;Tricolor;;
A663819;Zeus;11;11;2015;18;55;0;Return_to_owner;;Dog;Neutered Male;3 years;Pit Bull Mix;Black;White;
A700335;Dorchester;4;7;2015;8;56;0;Euthanasia;Rabies Risk;Dog;Neutered Male;2 years;Pit Bull Mix;White;Brown;
A608918;Vader;2;6;2015;11;56;0;Transfer;Partner;Dog;Neutered Male;4 years;Basset Hound/Labrador Retriever;Black;White;
A707611;Belle;31;7;2015;12;56;0;Adoption;;Cat;Intact Female;2 months;Domestic Shorthair Mix;Torbie;;
A667155;;18;11;2013;15;56;0;Adoption;;Cat;Spayed Female;3 months;Domestic Medium Hair Mix;Calico;;
A686691;;29;8;2014;16;56;0;Transfer;Partner;Dog;Neutered Male;3 years;Labrador Retriever Mix;Yellow;;
A674264;;14;3;2014;17;56;0;Adoption;;Dog;Spayed Female;10 months;Jack Russell Terrier Mix;Tricolor;;
A703952;Taco;30;5;2015;18;56;0;Transfer;Partner;Cat;Unknown;4 weeks;Siamese Mix;Seal Point;;
A676680;Hero;6;2;2015;18;56;0;Euthanasia;Aggressive;Dog;Spayed Female;2 years;German Shepherd Mix;Black;Tan;
A691968;;14;11;2014;11;57;0;Euthanasia;Suffering;Cat;Intact Female;7 years;Domestic Shorthair Mix;Tortie;;
A718535;;1;1;2016;13;57;0;Euthanasia;Suffering;Cat;Spayed Female;3 years;Domestic Shorthair Mix;Calico;;
A668671;Chris;16;12;2013;14;57;0;Transfer;Partner;Cat;Neutered Male;5 years;Domestic Shorthair Mix;Brown Tabby;White;
A712244;;21;9;2015;15;57;0;Transfer;Partner;Cat;Intact Female;1 month;Domestic Shorthair Mix;Black;White;
A697852;Edith;9;3;2015;17;57;0;Adoption;;Dog;Spayed Female;5 months;German Shepherd Mix;Black;Brown;
A711255;;4;9;2015;17;57;0;Transfer;Partner;Dog;Intact Female;4 weeks;Chihuahua Shorthair Mix;White;;
A658690;Priscilla;19;10;2013;12;58;0;Adoption;;Dog;Spayed Female;1 year;Pit Bull Mix;Black;White;
A679341;Jethro;31;5;2014;13;58;0;Transfer;Partner;Cat;Intact Male;1 month;Domestic Shorthair Mix;Brown Tabby;;
A707896;Tokyo;19;2;2016;14;58;0;Adoption;Foster;Cat;Neutered Male;2 years;Domestic Shorthair Mix;Brown Tabby;;
A693999;;23;12;2014;14;58;0;Transfer;Partner;Dog;Spayed Female;4 years;Rat Terrier Mix;Black;White;
A677460;Petra;16;5;2014;14;58;0;Adoption;;Dog;Spayed Female;2 years;Pit Bull Mix;Blue;White;
A719876;Oreo;2;2;2016;15;58;0;Transfer;Partner;Dog;Spayed Female;1 year;Rat Terrier Mix;White;Black;
A673626;;3;3;2014;16;58;0;Transfer;Partner;Dog;Neutered Male;3 months;Rat Terrier Mix;Tricolor;;
A709048;Libby;8;8;2015;17;58;0;Adoption;;Dog;Intact Female;5 months;Labrador Retriever Mix;Black;White;
A668122;;1;12;2013;17;58;0;Adoption;;Dog;Spayed Female;7 years;English Pointer;Liver;White;
A710107;Caty;19;10;2015;18;58;0;Adoption;;Cat;Spayed Female;3 months;Domestic Shorthair Mix;Brown Tabby;;
A715735;Nico;13;11;2015;12;59;0;Transfer;Partner;Dog;Intact Male;1 year;Labrador Retriever;Buff;Tan;
A678229;;6;5;2014;15;59;0;Transfer;Partner;Cat;Intact Male;3 weeks;Domestic Shorthair Mix;Brown Tabby;;
A701428;Kiki;3;5;2015;16;59;0;Return_to_owner;;Dog;Spayed Female;3 years;Chihuahua Shorthair Mix;Brown;;
A672467;Apollo;14;2;2014;18;59;0;Adoption;;Dog;Neutered Male;9 months;Cardigan Welsh Corgi/Cardigan Welsh Corgi;Fawn;White;
